{"frames":[{"filename":"sprite1","frame":{"x":41,"y":14,"w":112,"h":182},"rotated":false,"trimmed":false,"spriteSourceSize":{"x":0,"y":0,"w":112,"h":182},"sourceSize":{"w":112,"h":182}},{"filename":"sprite2","frame":{"x":410,"y":60,"w":169,"h":163},"rotated":false,"trimmed":false,"spriteSourceSize":{"x":0,"y":0,"w":169,"h":163},"sourceSize":{"w":169,"h":163}},{"filename":"sprite3","frame":{"x":230,"y":66,"w":97,"h":167},"rotated":false,"trimmed":false,"spriteSourceSize":{"x":0,"y":0,"w":97,"h":167},"sourceSize":{"w":97,"h":167}},{"filename":"sprite4","frame":{"x":588,"y":73,"w":151,"h":150},"rotated":false,"trimmed":false,"spriteSourceSize":{"x":0,"y":0,"w":151,"h":150},"sourceSize":{"w":151,"h":150}},{"filename":"sprite5","frame":{"x":682,"y":284,"w":1,"h":1},"rotated":false,"trimmed":false,"spriteSourceSize":{"x":0,"y":0,"w":1,"h":1},"sourceSize":{"w":1,"h":1}},{"filename":"sprite6","frame":{"x":627,"y":284,"w":120,"h":182},"rotated":false,"trimmed":false,"spriteSourceSize":{"x":0,"y":0,"w":120,"h":182},"sourceSize":{"w":120,"h":182}},{"filename":"sprite7","frame":{"x":23,"y":305,"w":162,"h":204},"rotated":false,"trimmed":false,"spriteSourceSize":{"x":0,"y":0,"w":162,"h":204},"sourceSize":{"w":162,"h":204}},{"filename":"sprite8","frame":{"x":412,"y":324,"w":152,"h":134},"rotated":false,"trimmed":false,"spriteSourceSize":{"x":0,"y":0,"w":152,"h":134},"sourceSize":{"w":152,"h":134}},{"filename":"sprite9","frame":{"x":267,"y":341,"w":41,"h":153},"rotated":false,"trimmed":false,"spriteSourceSize":{"x":0,"y":0,"w":41,"h":153},"sourceSize":{"w":41,"h":153}},{"filename":"sprite10","frame":{"x":27,"y":551,"w":140,"h":170},"rotated":false,"trimmed":false,"spriteSourceSize":{"x":0,"y":0,"w":140,"h":170},"sourceSize":{"w":140,"h":170}},{"filename":"sprite11","frame":{"x":207,"y":574,"w":121,"h":139},"rotated":false,"trimmed":false,"spriteSourceSize":{"x":0,"y":0,"w":121,"h":139},"sourceSize":{"w":121,"h":139}},{"filename":"sprite12","frame":{"x":600,"y":580,"w":178,"h":158},"rotated":false,"trimmed":false,"spriteSourceSize":{"x":0,"y":0,"w":178,"h":158},"sourceSize":{"w":178,"h":158}},{"filename":"sprite13","frame":{"x":356,"y":613,"w":222,"h":99},"rotated":false,"trimmed":false,"spriteSourceSize":{"x":0,"y":0,"w":222,"h":99},"sourceSize":{"w":222,"h":99}}],"meta":{"app":"https://www.leshylabs.com/apps/sstool/","version":"Leshy SpriteSheet Tool v0.8.4","image":"spritesheet.png","size":{"w":796,"h":752},"scale":1}}