{"frames":[{"filename":"sprite1","frame":{"x":10,"y":3,"w":29,"h":47},"rotated":false,"trimmed":false,"spriteSourceSize":{"x":0,"y":0,"w":29,"h":47},"sourceSize":{"w":29,"h":47}},{"filename":"sprite2","frame":{"x":90,"y":15,"w":44,"h":42},"rotated":false,"trimmed":false,"spriteSourceSize":{"x":0,"y":0,"w":44,"h":42},"sourceSize":{"w":44,"h":42}},{"filename":"sprite3","frame":{"x":57,"y":16,"w":25,"h":43},"rotated":false,"trimmed":false,"spriteSourceSize":{"x":0,"y":0,"w":25,"h":43},"sourceSize":{"w":25,"h":43}},{"filename":"sprite4","frame":{"x":146,"y":18,"w":39,"h":39},"rotated":false,"trimmed":false,"spriteSourceSize":{"x":0,"y":0,"w":39,"h":39},"sourceSize":{"w":39,"h":39}},{"filename":"sprite5","frame":{"x":156,"y":70,"w":31,"h":47},"rotated":false,"trimmed":false,"spriteSourceSize":{"x":0,"y":0,"w":31,"h":47},"sourceSize":{"w":31,"h":47}},{"filename":"sprite6","frame":{"x":5,"y":76,"w":42,"h":52},"rotated":false,"trimmed":false,"spriteSourceSize":{"x":0,"y":0,"w":42,"h":52},"sourceSize":{"w":42,"h":52}},{"filename":"sprite7","frame":{"x":103,"y":81,"w":47,"h":38},"rotated":false,"trimmed":false,"spriteSourceSize":{"x":0,"y":0,"w":47,"h":38},"sourceSize":{"w":47,"h":38}},{"filename":"sprite8","frame":{"x":50,"y":83,"w":51,"h":36},"rotated":false,"trimmed":false,"spriteSourceSize":{"x":0,"y":0,"w":51,"h":36},"sourceSize":{"w":51,"h":36}},{"filename":"sprite9","frame":{"x":6,"y":137,"w":36,"h":44},"rotated":false,"trimmed":false,"spriteSourceSize":{"x":0,"y":0,"w":36,"h":44},"sourceSize":{"w":36,"h":44}},{"filename":"sprite10","frame":{"x":51,"y":143,"w":32,"h":36},"rotated":false,"trimmed":false,"spriteSourceSize":{"x":0,"y":0,"w":32,"h":36},"sourceSize":{"w":32,"h":36}},{"filename":"sprite11","frame":{"x":149,"y":144,"w":46,"h":41},"rotated":false,"trimmed":false,"spriteSourceSize":{"x":0,"y":0,"w":46,"h":41},"sourceSize":{"w":46,"h":41}},{"filename":"sprite12","frame":{"x":88,"y":153,"w":57,"h":26},"rotated":false,"trimmed":false,"spriteSourceSize":{"x":0,"y":0,"w":57,"h":26},"sourceSize":{"w":57,"h":26}}],"meta":{"app":"https://www.leshylabs.com/apps/sstool/","version":"Leshy SpriteSheet Tool v0.8.4","image":"spritesheet.png","size":{"w":200,"h":188},"scale":1}}